store_code	id	availability	price
Mobilcenter Jönköping AB	20	out_of_stock	
Mobilcenter Jönköping AB	32	out_of_stock	
Mobilcenter Jönköping AB	34	in_stock	
Mobilcenter Jönköping AB	35	in_stock	
Mobilcenter Jönköping AB	36	in_stock	
Mobilcenter Jönköping AB	37	in_stock	
Mobilcenter Jönköping AB	58	in_stock	
Mobilcenter Jönköping AB	61	in_stock	
Mobilcenter Jönköping AB	63	in_stock	
Mobilcenter Jönköping AB	177	in_stock	
Mobilcenter Jönköping AB	218	in_stock	
Mobilcenter Jönköping AB	227	in_stock	
Mobilcenter Jönköping AB	288	out_of_stock	
Mobilcenter Jönköping AB	320	in_stock	
Mobilcenter Jönköping AB	330	in_stock	
Mobilcenter Jönköping AB	338	out_of_stock	
Mobilcenter Jönköping AB	342	in_stock	
Mobilcenter Jönköping AB	345	in_stock	
Mobilcenter Jönköping AB	346	in_stock	
Mobilcenter Jönköping AB	354	out_of_stock	
Mobilcenter Jönköping AB	412	in_stock	
Mobilcenter Jönköping AB	418	in_stock	
Mobilcenter Jönköping AB	420	in_stock	
Mobilcenter Jönköping AB	559	in_stock	
Mobilcenter Jönköping AB	561	in_stock	
Mobilcenter Jönköping AB	564	in_stock	
Mobilcenter Jönköping AB	565	in_stock	
Mobilcenter Jönköping AB	566	in_stock	
Mobilcenter Jönköping AB	580	in_stock	
Mobilcenter Jönköping AB	594	in_stock	
Mobilcenter Jönköping AB	595	in_stock	
Mobilcenter Jönköping AB	597	in_stock	
Mobilcenter Jönköping AB	599	in_stock	
Mobilcenter Jönköping AB	600	in_stock	
Mobilcenter Jönköping AB	605	out_of_stock	
Mobilcenter Jönköping AB	614	out_of_stock	
Mobilcenter Jönköping AB	617	in_stock	
Mobilcenter Jönköping AB	620	out_of_stock	
Mobilcenter Jönköping AB	623	in_stock	
Mobilcenter Jönköping AB	644	out_of_stock	
Mobilcenter Jönköping AB	645	out_of_stock	
Mobilcenter Jönköping AB	684	in_stock	
Mobilcenter Jönköping AB	690	out_of_stock	
Mobilcenter Jönköping AB	692	in_stock	
Mobilcenter Jönköping AB	702	out_of_stock	
Mobilcenter Jönköping AB	703	out_of_stock	
Mobilcenter Jönköping AB	707	in_stock	
Mobilcenter Jönköping AB	708	in_stock	
Mobilcenter Jönköping AB	710	in_stock	
Mobilcenter Jönköping AB	711	out_of_stock	
Mobilcenter Jönköping AB	712	in_stock	
Mobilcenter Jönköping AB	713	in_stock	
Mobilcenter Jönköping AB	714	in_stock	
Mobilcenter Jönköping AB	715	in_stock	
Mobilcenter Jönköping AB	716	in_stock	
Mobilcenter Jönköping AB	717	in_stock	
Mobilcenter Jönköping AB	718	in_stock	
Mobilcenter Jönköping AB	719	in_stock	
Mobilcenter Jönköping AB	720	in_stock	
Mobilcenter Jönköping AB	722	out_of_stock	
Mobilcenter Jönköping AB	725	out_of_stock	
Mobilcenter Jönköping AB	727	in_stock	
Mobilcenter Jönköping AB	729	out_of_stock	
Mobilcenter Jönköping AB	730	in_stock	
Mobilcenter Jönköping AB	733	in_stock	
Mobilcenter Jönköping AB	735	out_of_stock	
Mobilcenter Jönköping AB	746	in_stock	
Mobilcenter Jönköping AB	747	in_stock	
Mobilcenter Jönköping AB	748	in_stock	
Mobilcenter Jönköping AB	751	out_of_stock	
Mobilcenter Jönköping AB	752	in_stock	
Mobilcenter Jönköping AB	759	out_of_stock	
Mobilcenter Jönköping AB	762	out_of_stock	
Mobilcenter Jönköping AB	765	out_of_stock	
Mobilcenter Jönköping AB	768	in_stock	
Mobilcenter Jönköping AB	769	in_stock	
Mobilcenter Jönköping AB	771	in_stock	
Mobilcenter Jönköping AB	772	in_stock	
Mobilcenter Jönköping AB	773	in_stock	
Mobilcenter Jönköping AB	775	in_stock	
Mobilcenter Jönköping AB	776	in_stock	
Mobilcenter Jönköping AB	777	in_stock	
Mobilcenter Jönköping AB	781	in_stock	
Mobilcenter Jönköping AB	782	in_stock	
Mobilcenter Jönköping AB	783	out_of_stock	
Mobilcenter Jönköping AB	784	in_stock	
Mobilcenter Jönköping AB	785	in_stock	
Mobilcenter Jönköping AB	786	in_stock	
Mobilcenter Jönköping AB	787	out_of_stock	
Mobilcenter Jönköping AB	788	out_of_stock	
Mobilcenter Jönköping AB	789	in_stock	
Mobilcenter Jönköping AB	790	in_stock	
Mobilcenter Jönköping AB	791	in_stock	
Mobilcenter Jönköping AB	792	in_stock	
Mobilcenter Jönköping AB	793	in_stock	
Mobilcenter Jönköping AB	795	in_stock	
Mobilcenter Jönköping AB	799	out_of_stock	
Mobilcenter Jönköping AB	802	out_of_stock	
Mobilcenter Jönköping AB	803	out_of_stock	
Mobilcenter Jönköping AB	806	in_stock	
Mobilcenter Jönköping AB	810	out_of_stock	
Mobilcenter Jönköping AB	814	out_of_stock	
Mobilcenter Jönköping AB	815	in_stock	
Mobilcenter Jönköping AB	817	in_stock	
Mobilcenter Jönköping AB	819	in_stock	
Mobilcenter Jönköping AB	821	in_stock	
Mobilcenter Jönköping AB	823	in_stock	
Mobilcenter Jönköping AB	826	in_stock	
Mobilcenter Jönköping AB	827	in_stock	
Mobilcenter Jönköping AB	833	in_stock	
Mobilcenter Jönköping AB	834	in_stock	249.00 SEK
Mobilcenter Jönköping AB	835	in_stock	249.00 SEK
Mobilcenter Jönköping AB	840	in_stock	
Mobilcenter Jönköping AB	841	in_stock	
Mobilcenter Jönköping AB	842	in_stock	
Mobilcenter Jönköping AB	845	in_stock	
Mobilcenter Jönköping AB	846	in_stock	
Mobilcenter Jönköping AB	892	in_stock	
Mobilcenter Jönköping AB	893	in_stock	
Mobilcenter Jönköping AB	896	in_stock	
Mobilcenter Jönköping AB	897	in_stock	
Mobilcenter Jönköping AB	898	in_stock	
Mobilcenter Jönköping AB	899	in_stock	
Mobilcenter Jönköping AB	900	in_stock	
Mobilcenter Jönköping AB	901	in_stock	
Mobilcenter Jönköping AB	904	in_stock	
Mobilcenter Jönköping AB	905	in_stock	
Mobilcenter Jönköping AB	906	in_stock	
Mobilcenter Jönköping AB	907	in_stock	
Mobilcenter Jönköping AB	908	in_stock	
Mobilcenter Jönköping AB	909	in_stock	
Mobilcenter Jönköping AB	910	in_stock	
Mobilcenter Jönköping AB	911	in_stock	
Mobilcenter Jönköping AB	912	in_stock	
Mobilcenter Jönköping AB	922	in_stock	
Mobilcenter Jönköping AB	923	in_stock	
Mobilcenter Jönköping AB	924	in_stock	
Mobilcenter Jönköping AB	925	in_stock	
Mobilcenter Jönköping AB	926	in_stock	
Mobilcenter Jönköping AB	927	in_stock	
Mobilcenter Jönköping AB	928	in_stock	
Mobilcenter Jönköping AB	929	in_stock	
Mobilcenter Jönköping AB	930	in_stock	
Mobilcenter Jönköping AB	931	in_stock	
Mobilcenter Jönköping AB	932	in_stock	
Mobilcenter Jönköping AB	933	in_stock	
Mobilcenter Jönköping AB	934	in_stock	
Mobilcenter Jönköping AB	935	in_stock	
Mobilcenter Jönköping AB	936	in_stock	
Mobilcenter Jönköping AB	937	in_stock	
Mobilcenter Jönköping AB	938	in_stock	
Mobilcenter Jönköping AB	939	in_stock	
Mobilcenter Jönköping AB	946	in_stock	
Mobilcenter Jönköping AB	947	out_of_stock	
Mobilcenter Jönköping AB	949	in_stock	
Mobilcenter Jönköping AB	950	in_stock	
Mobilcenter Jönköping AB	951	in_stock	
Mobilcenter Jönköping AB	952	in_stock	
Mobilcenter Jönköping AB	953	in_stock	
Mobilcenter Jönköping AB	954	in_stock	
Mobilcenter Jönköping AB	955	in_stock	
Mobilcenter Jönköping AB	957	in_stock	
Mobilcenter Jönköping AB	959	in_stock	
Mobilcenter Jönköping AB	997	in_stock	
Mobilcenter Jönköping AB	1002	in_stock	
Mobilcenter Jönköping AB	1003	in_stock	
Mobilcenter Jönköping AB	1012	in_stock	
Mobilcenter Jönköping AB	1013	in_stock	
Mobilcenter Jönköping AB	1014	out_of_stock	
Mobilcenter Jönköping AB	1016	in_stock	
Mobilcenter Jönköping AB	1017	in_stock	
Mobilcenter Jönköping AB	1018	in_stock	
Mobilcenter Jönköping AB	1019	in_stock	
Mobilcenter Jönköping AB	1020	out_of_stock	
Mobilcenter Jönköping AB	1024	in_stock	
Mobilcenter Jönköping AB	1025	in_stock	
Mobilcenter Jönköping AB	1027	in_stock	
Mobilcenter Jönköping AB	1031	in_stock	199.00 SEK
Mobilcenter Jönköping AB	1032	in_stock	199.00 SEK
Mobilcenter Jönköping AB	1033	in_stock	199.00 SEK
Mobilcenter Jönköping AB	1034	in_stock	199.00 SEK
Mobilcenter Jönköping AB	1035	in_stock	199.00 SEK
Mobilcenter Jönköping AB	1036	in_stock	199.00 SEK
Mobilcenter Jönköping AB	1038	in_stock	199.00 SEK
Mobilcenter Jönköping AB	1039	in_stock	
Mobilcenter Jönköping AB	1040	in_stock	199.00 SEK
Mobilcenter Jönköping AB	1041	in_stock	199.00 SEK
Mobilcenter Jönköping AB	1042	in_stock	199.00 SEK
Mobilcenter Jönköping AB	1047	out_of_stock	
Mobilcenter Jönköping AB	1049	out_of_stock	
Mobilcenter Jönköping AB	1050	out_of_stock	
Mobilcenter Jönköping AB	1064	in_stock	
Mobilcenter Jönköping AB	1066	in_stock	
Mobilcenter Jönköping AB	1067	in_stock	199.00 SEK
Mobilcenter Jönköping AB	1068	out_of_stock	
Mobilcenter Jönköping AB	1069	out_of_stock	
Mobilcenter Jönköping AB	1070	in_stock	
Mobilcenter Jönköping AB	1089	out_of_stock	
Mobilcenter Jönköping AB	1094	in_stock	
Mobilcenter Jönköping AB	1095	in_stock	
Mobilcenter Jönköping AB	1096	in_stock	
Mobilcenter Jönköping AB	1097	in_stock	
Mobilcenter Jönköping AB	1099	in_stock	
Mobilcenter Jönköping AB	1101	in_stock	
Mobilcenter Jönköping AB	1102	in_stock	
Mobilcenter Jönköping AB	1103	in_stock	
Mobilcenter Jönköping AB	1110	in_stock	
Mobilcenter Jönköping AB	1111	in_stock	
Mobilcenter Jönköping AB	1112	in_stock	
Mobilcenter Jönköping AB	1113	in_stock	
Mobilcenter Jönköping AB	1114	in_stock	
Mobilcenter Jönköping AB	1115	in_stock	
Mobilcenter Jönköping AB	1116	in_stock	
Mobilcenter Jönköping AB	1117	in_stock	
Mobilcenter Jönköping AB	1118	in_stock	
Mobilcenter Jönköping AB	1119	in_stock	
Mobilcenter Jönköping AB	1120	out_of_stock	
Mobilcenter Jönköping AB	1122	in_stock	
Mobilcenter Jönköping AB	1124	in_stock	
Mobilcenter Jönköping AB	1125	out_of_stock	
Mobilcenter Jönköping AB	1130	in_stock	
Mobilcenter Jönköping AB	1131	in_stock	
Mobilcenter Jönköping AB	1134	in_stock	
Mobilcenter Jönköping AB	1140	out_of_stock	
Mobilcenter Jönköping AB	1142	out_of_stock	
Mobilcenter Jönköping AB	1147	in_stock	
Mobilcenter Jönköping AB	1148	out_of_stock	
Mobilcenter Jönköping AB	1149	out_of_stock	
Mobilcenter Jönköping AB	1150	out_of_stock	
Mobilcenter Jönköping AB	1151	out_of_stock	
Mobilcenter Jönköping AB	1152	out_of_stock	
Mobilcenter Jönköping AB	1153	in_stock	
Mobilcenter Jönköping AB	1154	in_stock	
Mobilcenter Jönköping AB	1155	out_of_stock	
Mobilcenter Jönköping AB	1156	in_stock	
Mobilcenter Jönköping AB	1157	in_stock	
Mobilcenter Jönköping AB	1158	in_stock	
Mobilcenter Jönköping AB	1159	in_stock	
Mobilcenter Jönköping AB	1160	in_stock	
Mobilcenter Jönköping AB	1162	in_stock	
Mobilcenter Jönköping AB	1164	in_stock	
Mobilcenter Jönköping AB	1167	in_stock	
Mobilcenter Jönköping AB	1169	in_stock	
Mobilcenter Jönköping AB	1170	in_stock	
Mobilcenter Jönköping AB	1171	in_stock	
Mobilcenter Jönköping AB	1172	in_stock	
Mobilcenter Jönköping AB	1173	in_stock	
Mobilcenter Jönköping AB	1174	in_stock	
Mobilcenter Jönköping AB	1175	in_stock	
Mobilcenter Jönköping AB	1176	in_stock	
Mobilcenter Jönköping AB	1177	in_stock	
Mobilcenter Jönköping AB	1178	in_stock	
Mobilcenter Jönköping AB	1179	in_stock	
Mobilcenter Jönköping AB	1180	in_stock	
Mobilcenter Jönköping AB	1181	in_stock	
Mobilcenter Jönköping AB	1182	in_stock	
Mobilcenter Jönköping AB	1183	in_stock	
Mobilcenter Jönköping AB	1184	in_stock	
Mobilcenter Jönköping AB	1185	in_stock	
Mobilcenter Jönköping AB	1186	in_stock	
Mobilcenter Jönköping AB	1187	in_stock	
Mobilcenter Jönköping AB	1188	in_stock	
Mobilcenter Jönköping AB	1189	in_stock	
Mobilcenter Jönköping AB	1190	in_stock	
Mobilcenter Jönköping AB	1191	in_stock	
Mobilcenter Jönköping AB	1192	in_stock	
Mobilcenter Jönköping AB	1193	in_stock	
Mobilcenter Jönköping AB	1194	in_stock	
Mobilcenter Jönköping AB	1195	in_stock	
Mobilcenter Jönköping AB	1196	out_of_stock	
Mobilcenter Jönköping AB	1197	in_stock	
Mobilcenter Jönköping AB	1205	in_stock	
Mobilcenter Jönköping AB	1206	out_of_stock	
Mobilcenter Jönköping AB	1207	in_stock	
Mobilcenter Jönköping AB	1208	in_stock	
Mobilcenter Jönköping AB	1209	in_stock	
Mobilcenter Jönköping AB	1210	out_of_stock	
Mobilcenter Jönköping AB	1211	out_of_stock	
Mobilcenter Jönköping AB	1212	out_of_stock	
Mobilcenter Jönköping AB	1213	in_stock	
Mobilcenter Jönköping AB	1215	in_stock	
Mobilcenter Jönköping AB	1216	in_stock	
Mobilcenter Jönköping AB	1217	in_stock	
Mobilcenter Jönköping AB	1218	in_stock	
Mobilcenter Jönköping AB	1219	in_stock	
Mobilcenter Jönköping AB	1220	in_stock	
Mobilcenter Jönköping AB	1221	in_stock	
Mobilcenter Jönköping AB	1222	out_of_stock	
Mobilcenter Jönköping AB	1224	out_of_stock	
Mobilcenter Jönköping AB	1225	out_of_stock	
Mobilcenter Jönköping AB	1226	out_of_stock	
Mobilcenter Jönköping AB	1227	in_stock	
Mobilcenter Jönköping AB	1228	in_stock	
Mobilcenter Jönköping AB	1229	in_stock	
Mobilcenter Jönköping AB	1230	in_stock	
Mobilcenter Jönköping AB	1231	in_stock	
Mobilcenter Jönköping AB	1233	out_of_stock	
Mobilcenter Jönköping AB	1236	in_stock	
Mobilcenter Jönköping AB	1237	in_stock	
Mobilcenter Jönköping AB	1238	in_stock	
Mobilcenter Jönköping AB	1239	in_stock	
Mobilcenter Jönköping AB	1240	in_stock	
Mobilcenter Jönköping AB	1241	in_stock	
Mobilcenter Jönköping AB	1242	in_stock	
Mobilcenter Jönköping AB	1243	in_stock	
Mobilcenter Jönköping AB	1244	in_stock	
Mobilcenter Jönköping AB	1245	out_of_stock	
Mobilcenter Jönköping AB	1246	out_of_stock	
Mobilcenter Jönköping AB	1247	out_of_stock	
Mobilcenter Jönköping AB	1248	out_of_stock	
Mobilcenter Jönköping AB	1249	in_stock	
Mobilcenter Jönköping AB	1250	in_stock	
Mobilcenter Jönköping AB	1251	in_stock	
Mobilcenter Jönköping AB	1252	in_stock	
Mobilcenter Jönköping AB	1253	out_of_stock	
Mobilcenter Jönköping AB	1254	in_stock	
Mobilcenter Jönköping AB	1255	in_stock	
Mobilcenter Jönköping AB	1256	in_stock	
Mobilcenter Jönköping AB	1257	in_stock	
Mobilcenter Jönköping AB	1258	in_stock	
Mobilcenter Jönköping AB	1259	in_stock	
Mobilcenter Jönköping AB	1260	in_stock	
Mobilcenter Jönköping AB	1262	in_stock	
Mobilcenter Jönköping AB	1263	in_stock	
Mobilcenter Jönköping AB	1264	in_stock	
Mobilcenter Jönköping AB	1265	in_stock	
Mobilcenter Jönköping AB	1266	in_stock	
Mobilcenter Jönköping AB	1267	in_stock	
Mobilcenter Jönköping AB	1268	in_stock	
Mobilcenter Jönköping AB	1270	in_stock	
Mobilcenter Jönköping AB	1271	out_of_stock	
Mobilcenter Jönköping AB	1272	in_stock	
Mobilcenter Jönköping AB	1273	in_stock	
Mobilcenter Jönköping AB	1274	out_of_stock	
Mobilcenter Jönköping AB	1276	out_of_stock	
Mobilcenter Jönköping AB	1279	out_of_stock	
Mobilcenter Jönköping AB	1283	out_of_stock	
Mobilcenter Jönköping AB	1284	in_stock	
Mobilcenter Jönköping AB	1285	out_of_stock	
Mobilcenter Jönköping AB	1286	in_stock	
Mobilcenter Jönköping AB	1287	out_of_stock	
Mobilcenter Jönköping AB	1288	in_stock	
Mobilcenter Jönköping AB	1289	in_stock	
Mobilcenter Jönköping AB	1297	out_of_stock	
Mobilcenter Jönköping AB	1298	in_stock	
Mobilcenter Jönköping AB	1299	in_stock	
Mobilcenter Jönköping AB	1300	out_of_stock	
Mobilcenter Jönköping AB	1301	in_stock	
Mobilcenter Jönköping AB	1302	in_stock	
Mobilcenter Jönköping AB	1303	out_of_stock	
Mobilcenter Jönköping AB	1304	in_stock	
Mobilcenter Jönköping AB	1305	in_stock	
Mobilcenter Jönköping AB	1306	in_stock	
Mobilcenter Jönköping AB	1307	in_stock	
Mobilcenter Jönköping AB	1308	in_stock	
Mobilcenter Jönköping AB	1309	in_stock	
Mobilcenter Jönköping AB	1310	in_stock	
Mobilcenter Jönköping AB	1311	in_stock	
Mobilcenter Jönköping AB	1312	in_stock	
Mobilcenter Jönköping AB	1316	in_stock	
Mobilcenter Jönköping AB	1317	in_stock	
Mobilcenter Jönköping AB	1319	in_stock	
Mobilcenter Jönköping AB	1320	in_stock	
Mobilcenter Jönköping AB	1321	in_stock	
Mobilcenter Jönköping AB	1322	in_stock	
Mobilcenter Jönköping AB	1323	out_of_stock	
Mobilcenter Jönköping AB	1324	out_of_stock	
Mobilcenter Jönköping AB	1325	out_of_stock	
Mobilcenter Jönköping AB	1326	in_stock	
Mobilcenter Jönköping AB	1327	in_stock	
Mobilcenter Jönköping AB	1328	in_stock	
Mobilcenter Jönköping AB	1329	in_stock	
Mobilcenter Jönköping AB	1330	out_of_stock	
Mobilcenter Jönköping AB	1331	in_stock	
Mobilcenter Jönköping AB	1332	in_stock	
Mobilcenter Jönköping AB	1333	in_stock	
Mobilcenter Jönköping AB	1334	in_stock	
Mobilcenter Jönköping AB	1335	in_stock	
Mobilcenter Jönköping AB	1336	in_stock	
Mobilcenter Jönköping AB	1337	in_stock	
Mobilcenter Jönköping AB	1338	out_of_stock	
Mobilcenter Jönköping AB	1339	in_stock	
Mobilcenter Jönköping AB	1340	out_of_stock	
Mobilcenter Jönköping AB	1341	in_stock	
Mobilcenter Jönköping AB	1342	in_stock	
Mobilcenter Jönköping AB	1343	in_stock	
Mobilcenter Jönköping AB	1344	in_stock	
Mobilcenter Jönköping AB	1345	in_stock	
Mobilcenter Jönköping AB	1346	in_stock	
Mobilcenter Jönköping AB	1347	in_stock	
Mobilcenter Jönköping AB	1348	in_stock	
Mobilcenter Jönköping AB	1349	in_stock	
Mobilcenter Jönköping AB	1350	in_stock	
Mobilcenter Jönköping AB	1351	in_stock	
Mobilcenter Jönköping AB	1352	in_stock	
Mobilcenter Jönköping AB	1353	in_stock	
Mobilcenter Jönköping AB	1354	in_stock	
Mobilcenter Jönköping AB	1355	in_stock	
Mobilcenter Jönköping AB	1356	in_stock	
Mobilcenter Jönköping AB	1357	in_stock	
Mobilcenter Jönköping AB	1358	in_stock	
Mobilcenter Jönköping AB	1359	in_stock	
Mobilcenter Jönköping AB	1360	in_stock	
Mobilcenter Jönköping AB	1361	in_stock	
Mobilcenter Jönköping AB	1362	in_stock	
Mobilcenter Jönköping AB	1363	in_stock	
Mobilcenter Jönköping AB	1364	in_stock	
Mobilcenter Jönköping AB	1365	in_stock	
Mobilcenter Jönköping AB	1366	in_stock	
Mobilcenter Jönköping AB	1367	in_stock	
Mobilcenter Jönköping AB	1368	in_stock	
Mobilcenter Jönköping AB	1369	in_stock	
Mobilcenter Jönköping AB	1370	in_stock	
Mobilcenter Jönköping AB	1371	in_stock	
Mobilcenter Jönköping AB	1372	in_stock	
Mobilcenter Jönköping AB	1373	in_stock	
Mobilcenter Jönköping AB	1374	in_stock	
Mobilcenter Jönköping AB	1375	in_stock	
Mobilcenter Jönköping AB	1376	in_stock	
Mobilcenter Jönköping AB	1377	in_stock	
Mobilcenter Jönköping AB	1378	in_stock	
Mobilcenter Jönköping AB	1379	in_stock	
Mobilcenter Jönköping AB	1380	in_stock	
Mobilcenter Jönköping AB	1381	in_stock	
Mobilcenter Jönköping AB	1382	in_stock	
Mobilcenter Jönköping AB	1383	in_stock	
Mobilcenter Jönköping AB	1384	in_stock	
Mobilcenter Jönköping AB	1385	in_stock	
Mobilcenter Jönköping AB	1386	in_stock	
Mobilcenter Jönköping AB	1387	in_stock	
Mobilcenter Jönköping AB	1388	in_stock	
Mobilcenter Jönköping AB	1389	in_stock	
Mobilcenter Jönköping AB	1390	in_stock	
Mobilcenter Jönköping AB	1391	in_stock	
Mobilcenter Jönköping AB	1392	in_stock	
Mobilcenter Jönköping AB	1393	in_stock	
Mobilcenter Jönköping AB	1394	in_stock	
Mobilcenter Jönköping AB	1395	in_stock	
Mobilcenter Jönköping AB	1396	in_stock	
Mobilcenter Jönköping AB	1397	in_stock	
Mobilcenter Jönköping AB	1398	in_stock	
Mobilcenter Jönköping AB	1399	in_stock	
Mobilcenter Jönköping AB	1400	in_stock	
Mobilcenter Jönköping AB	1401	in_stock	
Mobilcenter Jönköping AB	1402	in_stock	
Mobilcenter Jönköping AB	1403	in_stock	199.00 SEK
Mobilcenter Jönköping AB	1404	in_stock	199.00 SEK
Mobilcenter Jönköping AB	1405	in_stock	
Mobilcenter Jönköping AB	1406	in_stock	
Mobilcenter Jönköping AB	1407	in_stock	
Mobilcenter Jönköping AB	1408	in_stock	
Mobilcenter Jönköping AB	1409	in_stock	
Mobilcenter Jönköping AB	1410	in_stock	
Mobilcenter Jönköping AB	1411	in_stock	
Mobilcenter Jönköping AB	1412	in_stock	
Mobilcenter Jönköping AB	1413	in_stock	
Mobilcenter Jönköping AB	1414	in_stock	
Mobilcenter Jönköping AB	1415	out_of_stock	
Mobilcenter Jönköping AB	1416	in_stock	
Mobilcenter Jönköping AB	1417	in_stock	
Mobilcenter Jönköping AB	1418	in_stock	
Mobilcenter Jönköping AB	1423	out_of_stock	
Mobilcenter Jönköping AB	1424	in_stock	
Mobilcenter Jönköping AB	1425	in_stock	
Mobilcenter Jönköping AB	1426	in_stock	
Mobilcenter Jönköping AB	1427	in_stock	
Mobilcenter Jönköping AB	1428	in_stock	
Mobilcenter Jönköping AB	1429	in_stock	
Mobilcenter Jönköping AB	1430	in_stock	
Mobilcenter Jönköping AB	1431	in_stock	
Mobilcenter Jönköping AB	1432	out_of_stock	
Mobilcenter Jönköping AB	1433	out_of_stock	
Mobilcenter Jönköping AB	1434	in_stock	
Mobilcenter Jönköping AB	1435	in_stock	
Mobilcenter Jönköping AB	1436	in_stock	
Mobilcenter Jönköping AB	1437	in_stock	
Mobilcenter Jönköping AB	1438	in_stock	
Mobilcenter Jönköping AB	1439	out_of_stock	
Mobilcenter Jönköping AB	1440	in_stock	
Mobilcenter Jönköping AB	1471	in_stock	
Mobilcenter Jönköping AB	1472	in_stock	
Mobilcenter Jönköping AB	1475	out_of_stock	
Mobilcenter Jönköping AB	1477	in_stock	
Mobilcenter Jönköping AB	1478	out_of_stock	
Mobilcenter Jönköping AB	1479	in_stock	
Mobilcenter Jönköping AB	1480	in_stock	
Mobilcenter Jönköping AB	1481	in_stock	
Mobilcenter Jönköping AB	1482	in_stock	
Mobilcenter Jönköping AB	1483	in_stock	
Mobilcenter Jönköping AB	1484	in_stock	
Mobilcenter Jönköping AB	1485	in_stock	
Mobilcenter Jönköping AB	1486	in_stock	
Mobilcenter Jönköping AB	1487	in_stock	
Mobilcenter Jönköping AB	1488	in_stock	
Mobilcenter Jönköping AB	1489	in_stock	
Mobilcenter Jönköping AB	1490	in_stock	
Mobilcenter Jönköping AB	1497	out_of_stock	
Mobilcenter Jönköping AB	1498	in_stock	
Mobilcenter Jönköping AB	1499	out_of_stock	
Mobilcenter Jönköping AB	1500	in_stock	
Mobilcenter Jönköping AB	1501	in_stock	
Mobilcenter Jönköping AB	1502	in_stock	
Mobilcenter Jönköping AB	1503	in_stock	
Mobilcenter Jönköping AB	1504	in_stock	
Mobilcenter Jönköping AB	1505	in_stock	
Mobilcenter Jönköping AB	1506	in_stock	
Mobilcenter Jönköping AB	1507	in_stock	
Mobilcenter Jönköping AB	1508	in_stock	
Mobilcenter Jönköping AB	1509	in_stock	
Mobilcenter Jönköping AB	1510	in_stock	
Mobilcenter Jönköping AB	1511	in_stock	
Mobilcenter Jönköping AB	1512	in_stock	
Mobilcenter Jönköping AB	1513	in_stock	
Mobilcenter Jönköping AB	1514	in_stock	
Mobilcenter Jönköping AB	1515	in_stock	
Mobilcenter Jönköping AB	1516	in_stock	
Mobilcenter Jönköping AB	1517	in_stock	
Mobilcenter Jönköping AB	1518	in_stock	
Mobilcenter Jönköping AB	1519	in_stock	
Mobilcenter Jönköping AB	1520	in_stock	
Mobilcenter Jönköping AB	1521	in_stock	
Mobilcenter Jönköping AB	1522	in_stock	
Mobilcenter Jönköping AB	1523	in_stock	
Mobilcenter Jönköping AB	1524	in_stock	
Mobilcenter Jönköping AB	1525	in_stock	
Mobilcenter Jönköping AB	1526	in_stock	
Mobilcenter Jönköping AB	1527	in_stock	
Mobilcenter Jönköping AB	1528	in_stock	
Mobilcenter Jönköping AB	1529	in_stock	
Mobilcenter Jönköping AB	1530	in_stock	
Mobilcenter Jönköping AB	1531	in_stock	
Mobilcenter Jönköping AB	1532	in_stock	
Mobilcenter Jönköping AB	1613	in_stock	
Mobilcenter Jönköping AB	1655	in_stock	
Mobilcenter Jönköping AB	1657	out_of_stock	
Mobilcenter Jönköping AB	1658	in_stock	
Mobilcenter Jönköping AB	1659	in_stock	
Mobilcenter Jönköping AB	1660	in_stock	
Mobilcenter Jönköping AB	1661	in_stock	
Mobilcenter Jönköping AB	1662	in_stock	
Mobilcenter Jönköping AB	1663	in_stock	
Mobilcenter Jönköping AB	1664	in_stock	
Mobilcenter Jönköping AB	1665	in_stock	
Mobilcenter Jönköping AB	1666	in_stock	
Mobilcenter Jönköping AB	1667	in_stock	
Mobilcenter Jönköping AB	1688	in_stock	
Mobilcenter Jönköping AB	1689	in_stock	
Mobilcenter Jönköping AB	1690	in_stock	
Mobilcenter Jönköping AB	1691	in_stock	
Mobilcenter Jönköping AB	1692	in_stock	
Mobilcenter Jönköping AB	1693	in_stock	
Mobilcenter Jönköping AB	1698	out_of_stock	
Mobilcenter Jönköping AB	1699	in_stock	
Mobilcenter Jönköping AB	1700	in_stock	
Mobilcenter Jönköping AB	1701	in_stock	
Mobilcenter Jönköping AB	1706	in_stock	
Mobilcenter Jönköping AB	1707	in_stock	
Mobilcenter Jönköping AB	1708	in_stock	
Mobilcenter Jönköping AB	1709	in_stock	
Mobilcenter Jönköping AB	1710	in_stock	
Mobilcenter Jönköping AB	1711	in_stock	
Mobilcenter Jönköping AB	1712	in_stock	
Mobilcenter Jönköping AB	1713	in_stock	
Mobilcenter Jönköping AB	1714	in_stock	
Mobilcenter Jönköping AB	1715	in_stock	
Mobilcenter Jönköping AB	1716	in_stock	
Mobilcenter Jönköping AB	1717	in_stock	
Mobilcenter Jönköping AB	1718	in_stock	
Mobilcenter Jönköping AB	1719	in_stock	
Mobilcenter Jönköping AB	1720	in_stock	
Mobilcenter Jönköping AB	1721	in_stock	
Mobilcenter Jönköping AB	1722	in_stock	
Mobilcenter Jönköping AB	1723	in_stock	
Mobilcenter Jönköping AB	1724	in_stock	
Mobilcenter Jönköping AB	1725	in_stock	
Mobilcenter Jönköping AB	1726	in_stock	
Mobilcenter Jönköping AB	1727	in_stock	
Mobilcenter Jönköping AB	1728	in_stock	
Mobilcenter Jönköping AB	1729	in_stock	
Mobilcenter Jönköping AB	1730	in_stock	
Mobilcenter Jönköping AB	1731	in_stock	
Mobilcenter Jönköping AB	1732	in_stock	
Mobilcenter Jönköping AB	1733	in_stock	
Mobilcenter Jönköping AB	1734	in_stock	
Mobilcenter Jönköping AB	1739	in_stock	
Mobilcenter Jönköping AB	1819	in_stock	
Mobilcenter Jönköping AB	1820	in_stock	
Mobilcenter Jönköping AB	1821	in_stock	
Mobilcenter Jönköping AB	1822	in_stock	
Mobilcenter Jönköping AB	1823	in_stock	
Mobilcenter Jönköping AB	1458	in_stock	
Mobilcenter Jönköping AB	1459	in_stock	
Mobilcenter Jönköping AB	1461	in_stock	
Mobilcenter Jönköping AB	1462	in_stock	
Mobilcenter Jönköping AB	1463	in_stock	
Mobilcenter Jönköping AB	1464	in_stock	
Mobilcenter Jönköping AB	1465	in_stock	
Mobilcenter Jönköping AB	1466	in_stock	
Mobilcenter Jönköping AB	1467	in_stock	
Mobilcenter Jönköping AB	1468	in_stock	
Mobilcenter Jönköping AB	1470	in_stock	
Mobilcenter Jönköping AB	1473	in_stock	
Mobilcenter Jönköping AB	1474	in_stock	
Mobilcenter Jönköping AB	1491	out_of_stock	
Mobilcenter Jönköping AB	1492	in_stock	
Mobilcenter Jönköping AB	1493	out_of_stock	
Mobilcenter Jönköping AB	1494	in_stock	
Mobilcenter Jönköping AB	1495	out_of_stock	
Mobilcenter Jönköping AB	1496	in_stock	
Mobilcenter Jönköping AB	1533	in_stock	
Mobilcenter Jönköping AB	1534	in_stock	
Mobilcenter Jönköping AB	1535	in_stock	
Mobilcenter Jönköping AB	1536	in_stock	
Mobilcenter Jönköping AB	1537	in_stock	
Mobilcenter Jönköping AB	1538	in_stock	
Mobilcenter Jönköping AB	1539	in_stock	
Mobilcenter Jönköping AB	1540	in_stock	
Mobilcenter Jönköping AB	1541	in_stock	
Mobilcenter Jönköping AB	1542	in_stock	
Mobilcenter Jönköping AB	1543	in_stock	
Mobilcenter Jönköping AB	1544	in_stock	
Mobilcenter Jönköping AB	1545	in_stock	
Mobilcenter Jönköping AB	1546	out_of_stock	
Mobilcenter Jönköping AB	1547	in_stock	
Mobilcenter Jönköping AB	1548	out_of_stock	
Mobilcenter Jönköping AB	1549	in_stock	
Mobilcenter Jönköping AB	1550	out_of_stock	
Mobilcenter Jönköping AB	1551	out_of_stock	
Mobilcenter Jönköping AB	1552	in_stock	
Mobilcenter Jönköping AB	1553	in_stock	
Mobilcenter Jönköping AB	1554	in_stock	
Mobilcenter Jönköping AB	1555	in_stock	
Mobilcenter Jönköping AB	1556	in_stock	
Mobilcenter Jönköping AB	1557	in_stock	
Mobilcenter Jönköping AB	1558	in_stock	
Mobilcenter Jönköping AB	1559	in_stock	
Mobilcenter Jönköping AB	1560	in_stock	
Mobilcenter Jönköping AB	1561	in_stock	
Mobilcenter Jönköping AB	1562	in_stock	
Mobilcenter Jönköping AB	1563	in_stock	
Mobilcenter Jönköping AB	1564	in_stock	
Mobilcenter Jönköping AB	1565	in_stock	
Mobilcenter Jönköping AB	1566	in_stock	
Mobilcenter Jönköping AB	1567	in_stock	
Mobilcenter Jönköping AB	1568	in_stock	149.00 SEK
Mobilcenter Jönköping AB	1569	in_stock	
Mobilcenter Jönköping AB	1570	in_stock	
Mobilcenter Jönköping AB	1571	in_stock	
Mobilcenter Jönköping AB	1572	in_stock	
Mobilcenter Jönköping AB	1573	in_stock	
Mobilcenter Jönköping AB	1574	in_stock	
Mobilcenter Jönköping AB	1575	in_stock	
Mobilcenter Jönköping AB	1576	in_stock	
Mobilcenter Jönköping AB	1577	in_stock	
Mobilcenter Jönköping AB	1578	in_stock	199.00 SEK
Mobilcenter Jönköping AB	1579	in_stock	
Mobilcenter Jönköping AB	1580	in_stock	
Mobilcenter Jönköping AB	1581	in_stock	
Mobilcenter Jönköping AB	1582	in_stock	
Mobilcenter Jönköping AB	1583	in_stock	
Mobilcenter Jönköping AB	1584	in_stock	
Mobilcenter Jönköping AB	1585	in_stock	
Mobilcenter Jönköping AB	1586	in_stock	149.00 SEK
Mobilcenter Jönköping AB	1587	in_stock	
Mobilcenter Jönköping AB	1588	in_stock	
Mobilcenter Jönköping AB	1589	in_stock	
Mobilcenter Jönköping AB	1590	in_stock	
Mobilcenter Jönköping AB	1591	in_stock	
Mobilcenter Jönköping AB	1592	in_stock	
Mobilcenter Jönköping AB	1593	in_stock	
Mobilcenter Jönköping AB	1594	in_stock	
Mobilcenter Jönköping AB	1595	in_stock	
Mobilcenter Jönköping AB	1596	in_stock	
Mobilcenter Jönköping AB	1597	in_stock	
Mobilcenter Jönköping AB	1598	in_stock	
Mobilcenter Jönköping AB	1599	in_stock	
Mobilcenter Jönköping AB	1600	in_stock	
Mobilcenter Jönköping AB	1601	in_stock	
Mobilcenter Jönköping AB	1602	in_stock	
Mobilcenter Jönköping AB	1603	in_stock	
Mobilcenter Jönköping AB	1604	in_stock	
Mobilcenter Jönköping AB	1605	in_stock	
Mobilcenter Jönköping AB	1606	in_stock	
Mobilcenter Jönköping AB	1607	in_stock	
Mobilcenter Jönköping AB	1608	in_stock	
Mobilcenter Jönköping AB	1609	in_stock	
Mobilcenter Jönköping AB	1610	in_stock	
Mobilcenter Jönköping AB	1611	in_stock	
Mobilcenter Jönköping AB	1612	in_stock	
Mobilcenter Jönköping AB	1614	in_stock	199.00 SEK
Mobilcenter Jönköping AB	1615	in_stock	199.00 SEK
Mobilcenter Jönköping AB	1616	in_stock	199.00 SEK
Mobilcenter Jönköping AB	1617	in_stock	199.00 SEK
Mobilcenter Jönköping AB	1618	in_stock	199.00 SEK
Mobilcenter Jönköping AB	1619	in_stock	199.00 SEK
Mobilcenter Jönköping AB	1620	in_stock	199.00 SEK
Mobilcenter Jönköping AB	1621	in_stock	199.00 SEK
Mobilcenter Jönköping AB	1622	in_stock	199.00 SEK
Mobilcenter Jönköping AB	1623	in_stock	199.00 SEK
Mobilcenter Jönköping AB	1624	in_stock	199.00 SEK
Mobilcenter Jönköping AB	1625	in_stock	199.00 SEK
Mobilcenter Jönköping AB	1626	in_stock	199.00 SEK
Mobilcenter Jönköping AB	1627	in_stock	199.00 SEK
Mobilcenter Jönköping AB	1628	in_stock	199.00 SEK
Mobilcenter Jönköping AB	1629	in_stock	199.00 SEK
Mobilcenter Jönköping AB	1630	in_stock	199.00 SEK
Mobilcenter Jönköping AB	1631	in_stock	199.00 SEK
Mobilcenter Jönköping AB	1632	in_stock	199.00 SEK
Mobilcenter Jönköping AB	1633	in_stock	199.00 SEK
Mobilcenter Jönköping AB	1634	in_stock	199.00 SEK
Mobilcenter Jönköping AB	1635	in_stock	199.00 SEK
Mobilcenter Jönköping AB	1636	in_stock	199.00 SEK
Mobilcenter Jönköping AB	1637	in_stock	199.00 SEK
Mobilcenter Jönköping AB	1638	in_stock	
Mobilcenter Jönköping AB	1639	in_stock	
Mobilcenter Jönköping AB	1641	in_stock	
Mobilcenter Jönköping AB	1642	in_stock	
Mobilcenter Jönköping AB	1643	in_stock	
Mobilcenter Jönköping AB	1644	in_stock	
Mobilcenter Jönköping AB	1645	in_stock	
Mobilcenter Jönköping AB	1646	in_stock	
Mobilcenter Jönköping AB	1647	in_stock	
Mobilcenter Jönköping AB	1648	in_stock	
Mobilcenter Jönköping AB	1649	in_stock	
Mobilcenter Jönköping AB	1650	in_stock	
Mobilcenter Jönköping AB	1651	in_stock	
Mobilcenter Jönköping AB	1652	in_stock	
Mobilcenter Jönköping AB	1653	in_stock	
Mobilcenter Jönköping AB	1654	in_stock	
Mobilcenter Jönköping AB	1668	in_stock	
Mobilcenter Jönköping AB	1669	in_stock	
Mobilcenter Jönköping AB	1670	in_stock	
Mobilcenter Jönköping AB	1671	in_stock	
Mobilcenter Jönköping AB	1672	in_stock	
Mobilcenter Jönköping AB	1673	in_stock	
Mobilcenter Jönköping AB	1674	in_stock	
Mobilcenter Jönköping AB	1675	in_stock	
Mobilcenter Jönköping AB	1676	in_stock	
Mobilcenter Jönköping AB	1677	in_stock	
Mobilcenter Jönköping AB	1678	in_stock	
Mobilcenter Jönköping AB	1679	in_stock	
Mobilcenter Jönköping AB	1680	in_stock	
Mobilcenter Jönköping AB	1681	in_stock	
Mobilcenter Jönköping AB	1682	in_stock	
Mobilcenter Jönköping AB	1683	in_stock	
Mobilcenter Jönköping AB	1684	in_stock	
Mobilcenter Jönköping AB	1685	in_stock	
Mobilcenter Jönköping AB	1686	in_stock	
Mobilcenter Jönköping AB	1687	in_stock	
Mobilcenter Jönköping AB	1694	in_stock	
Mobilcenter Jönköping AB	1695	in_stock	
Mobilcenter Jönköping AB	1696	in_stock	
Mobilcenter Jönköping AB	1697	in_stock	
Mobilcenter Jönköping AB	1702	in_stock	
Mobilcenter Jönköping AB	1703	in_stock	
Mobilcenter Jönköping AB	1704	in_stock	
Mobilcenter Jönköping AB	1705	in_stock	
